iteration,best_score,current_score
1,10.961028326042642,10.961028326042642
